Parametres Conditionnement,Paramètres Conditionnement
Ingredient Recette,Ingrédient recette
Matiere Ordre Conditionnement,Matière ordre de conditionnement
Rebut Ordre Conditionnement,Rebut ordre de conditionnement
Checklist Preparation,Checklist préparation
Checklist Ordre Conditionnement,Checklist ordre de conditionnement
Ligne Checklist Ordre Conditionnement,Ligne checklist ordre de conditionnement
Tracabilite Lot,Traçabilité lot
Magasinier Conditionnement,Magasinier conditionnement
Opérateur Conditionnement,Opérateur conditionnement
Responsable Conditionnement,Responsable conditionnement
